Time (UTC +02:00 M/d/yyyy h:mm:ss tt),Peak to peak (A) (V),Frequency (A) (Hz)
4/28/2025 9:59:16 PM,0.0044557024,44952.48
4/28/2025 9:59:16 PM,0.0044557024,45938.223
4/28/2025 9:59:16 PM,0.004457228,50150.855
4/28/2025 9:59:16 PM,0.004457229,49434.805
4/28/2025 9:59:16 PM,0.004457228,54428.887
4/28/2025 9:59:16 PM,0.0049027987,39032.477
4/28/2025 9:59:16 PM,0.004901273,40701.594
4/28/2025 9:59:16 PM,0.0049012727,38811.777
4/28/2025 9:59:16 PM,0.005346843,53000.13
4/28/2025 9:59:16 PM,0.004901273,38124.438
4/28/2025 9:59:16 PM,0.005346843,59895.84
4/28/2025 9:59:16 PM,0.004901273,40607.797
4/28/2025 9:59:16 PM,0.004901273,39162.918
4/28/2025 9:59:16 PM,0.0044557024,56597.797
4/28/2025 9:59:16 PM,0.0053483685,52784.457
4/28/2025 9:59:16 PM,0.0049027987,38532.06
4/28/2025 9:59:16 PM,0.004457228,53130.6
4/28/2025 9:59:16 PM,0.0049027978,39738.15
4/28/2025 9:59:16 PM,0.004901273,39534.1
4/28/2025 9:59:16 PM,0.0044557033,47336.332
4/28/2025 9:59:16 PM,0.0044557033,48138.64
4/28/2025 9:59:17 PM,0.004901273,39763.625
4/28/2025 9:59:17 PM,0.004901273,39233.08
4/28/2025 9:59:17 PM,0.005346843,53050.926
4/28/2025 9:59:17 PM,0.0049012727,39763.625
4/28/2025 9:59:17 PM,0.005346843,56405.766
4/28/2025 9:59:17 PM,0.005346843,60265.566
4/28/2025 9:59:17 PM,0.0049012727,38942.37
4/28/2025 9:59:17 PM,0.004901273,40169.414
4/28/2025 9:59:17 PM,0.004901273,43658.676
4/28/2025 9:59:20 PM,0.03342082,10653.865
4/28/2025 9:59:20 PM,0.03386639,10787.682
4/28/2025 9:59:20 PM,0.03431196,10901.163
4/28/2025 9:59:20 PM,0.03431196,10996.416
4/28/2025 9:59:20 PM,0.034757532,11104.975
4/28/2025 9:59:20 PM,0.035203103,11221.369
4/28/2025 9:59:20 PM,0.035203103,11373.519
4/28/2025 9:59:20 PM,0.03609424,11505.297
4/28/2025 9:59:20 PM,0.035203103,11603.223
4/28/2025 9:59:20 PM,0.03609424,11702.608
4/28/2025 9:59:21 PM,0.036539815,11826.4
4/28/2025 9:59:21 PM,0.03609424,11901.305
4/28/2025 9:59:21 PM,0.03609424,12019.23
4/28/2025 9:59:21 PM,0.036539815,12145.863
4/28/2025 9:59:21 PM,0.036985382,12238.64
4/28/2025 9:59:21 PM,0.03653981,12360.914
4/28/2025 9:59:21 PM,0.03653981,12458.204
4/28/2025 9:59:21 PM,0.036985382,12555.444
4/28/2025 9:59:21 PM,0.036985382,12685.244
4/28/2025 9:59:21 PM,0.036985382,12782.628
4/28/2025 9:59:21 PM,0.036985382,12886.598
4/28/2025 9:59:21 PM,0.036985382,12990.622
4/28/2025 9:59:21 PM,0.037430953,13117.63
4/28/2025 9:59:21 PM,0.037430953,13238.126
4/28/2025 9:59:21 PM,0.036985382,13364.147
4/28/2025 9:59:21 PM,0.037430953,13464.63
4/28/2025 9:59:21 PM,0.036985382,13559.88
4/28/2025 9:59:21 PM,0.037430953,13679.671
4/28/2025 9:59:21 PM,0.03653981,13771.392
4/28/2025 9:59:21 PM,0.037876524,13862.994
4/28/2025 9:59:21 PM,0.036985382,13970.636
4/28/2025 9:59:21 PM,0.037430953,14096.533
4/28/2025 9:59:21 PM,0.037430953,14199.053
4/28/2025 9:59:21 PM,0.037876524,14301.599
4/28/2025 9:59:21 PM,0.037430953,14398.602
4/28/2025 9:59:21 PM,0.037430953,14512.074
4/28/2025 9:59:21 PM,0.037430953,14620.708
4/28/2025 9:59:21 PM,0.037876524,14732.949
4/28/2025 9:59:21 PM,0.03609424,14848.465
4/28/2025 9:59:21 PM,0.037876524,14952.634
4/28/2025 9:59:21 PM,0.037876524,15056.8545
4/28/2025 9:59:21 PM,0.037430953,15151.394
4/28/2025 9:59:21 PM,0.037876524,15247.816
4/28/2025 9:59:21 PM,0.036985382,15377.751
4/28/2025 9:59:21 PM,0.037876524,15484.233
4/28/2025 9:59:21 PM,0.037876524,15627.004
4/28/2025 9:59:21 PM,0.037430953,15742.057
4/28/2025 9:59:21 PM,0.037430953,15855.812
4/28/2025 9:59:21 PM,0.037876524,15947.972
4/28/2025 9:59:21 PM,0.037876524,16058.583
4/28/2025 9:59:21 PM,0.037430953,16163.101
4/28/2025 9:59:21 PM,0.037430953,16273.947
4/28/2025 9:59:21 PM,0.037876524,16406.049
4/28/2025 9:59:21 PM,0.037876524,16487.582
4/28/2025 9:59:21 PM,0.037430953,16613.771
4/28/2025 9:59:21 PM,0.037430953,16695.096
4/28/2025 9:59:22 PM,0.037876524,16804.32
4/28/2025 9:59:22 PM,0.036985382,16922.383
4/28/2025 9:59:22 PM,0.038322095,17027.244
4/28/2025 9:59:22 PM,0.038322095,17223.148
4/28/2025 9:59:22 PM,0.037876524,17376.736
4/28/2025 9:59:22 PM,0.038322095,17499.68
4/28/2025 9:59:22 PM,0.037876524,17600.252
4/28/2025 9:59:22 PM,0.038322095,17700.822
4/28/2025 9:59:22 PM,0.037876524,17822.047
4/28/2025 9:59:22 PM,0.037876524,17920.426
4/28/2025 9:59:22 PM,0.037430953,18028.072
4/28/2025 9:59:22 PM,0.038322095,18170.94
4/28/2025 9:59:22 PM,0.037876524,18264.291
4/28/2025 9:59:22 PM,0.038322095,18417.682
4/28/2025 9:59:22 PM,0.037876524,18505.406
4/28/2025 9:59:22 PM,0.038322095,18617.963
4/28/2025 9:59:22 PM,0.037430953,18725.838
4/28/2025 9:59:22 PM,0.038322095,18863.986
4/28/2025 9:59:22 PM,0.037876524,18964.326
4/28/2025 9:59:22 PM,0.038322095,19072.016
4/28/2025 9:59:22 PM,0.037876524,19172.395
4/28/2025 9:59:22 PM,0.038322095,19262.873
4/28/2025 9:59:22 PM,0.038322095,19385.607
4/28/2025 9:59:22 PM,0.037876524,19481.041
4/28/2025 9:59:22 PM,0.03609424,19599.094
4/28/2025 9:59:22 PM,0.038767666,19707.207
4/28/2025 9:59:22 PM,0.038322095,19797.562
4/28/2025 9:59:22 PM,0.038767666,19900.617
4/28/2025 9:59:22 PM,0.038322095,20014
4/28/2025 9:59:22 PM,0.037876524,20127.05
4/28/2025 9:59:22 PM,0.037876524,20222.002
4/28/2025 9:59:22 PM,0.038322095,20332.533
4/28/2025 9:59:22 PM,0.037876524,20424.178
4/28/2025 9:59:22 PM,0.037876524,20532.852
4/28/2025 9:59:22 PM,0.038322095,20656.846
4/28/2025 9:59:22 PM,0.037876524,20754.459
4/28/2025 9:59:22 PM,0.038322095,20878.838
4/28/2025 9:59:22 PM,0.037876524,20976.523
4/28/2025 9:59:22 PM,0.038322095,21082.305
4/28/2025 9:59:22 PM,0.037430953,21201.768
4/28/2025 9:59:22 PM,0.037876524,21318.701
4/28/2025 9:59:22 PM,0.038322095,21467.322
4/28/2025 9:59:22 PM,0.038767666,21575.947
4/28/2025 9:59:22 PM,0.037876524,21676.3
4/28/2025 9:59:23 PM,0.038322095,21776.652
4/28/2025 9:59:23 PM,0.038322095,21885.441
4/28/2025 9:59:23 PM,0.038322095,21980.186
4/28/2025 9:59:23 PM,0.038322095,22080.549
4/28/2025 9:59:23 PM,0.037876524,22178.066
4/28/2025 9:59:23 PM,0.037430953,22266.979
4/28/2025 9:59:23 PM,0.038322095,22364.41
4/28/2025 9:59:23 PM,0.038322095,22470.469
4/28/2025 9:59:23 PM,0.038322095,22593.99
4/28/2025 9:59:23 PM,0.038322095,22717.768
4/28/2025 9:59:23 PM,0.038767666,22857.05
4/28/2025 9:59:23 PM,0.037876524,22974.99
4/28/2025 9:59:23 PM,0.038767666,23054.596
4/28/2025 9:59:23 PM,0.037876524,23175.645
4/28/2025 9:59:23 PM,0.038767666,23278.96
4/28/2025 9:59:23 PM,0.038767666,23388.314
4/28/2025 9:59:23 PM,0.038322095,23512.863
4/28/2025 9:59:23 PM,0.038322095,23619.418
4/28/2025 9:59:23 PM,0.038322095,23744.07
4/28/2025 9:59:23 PM,0.037876524,23865.68
4/28/2025 9:59:23 PM,0.037876524,23993.672
4/28/2025 9:59:23 PM,0.037876524,24063.14
4/28/2025 9:59:23 PM,0.038322095,24172.71
4/28/2025 9:59:23 PM,0.038767666,24301.092
4/28/2025 9:59:23 PM,0.038322095,24432.838
4/28/2025 9:59:23 PM,0.038322095,24558.152
4/28/2025 9:59:23 PM,0.038322095,24677.389
4/28/2025 9:59:23 PM,0.038322095,24803.182
4/28/2025 9:59:23 PM,0.038322095,24907.97
4/28/2025 9:59:23 PM,0.038322095,25024.025
4/28/2025 9:59:23 PM,0.038322095,25120.9
4/28/2025 9:59:23 PM,0.038767666,25214.525
4/28/2025 9:59:23 PM,0.038767666,25317.822
4/28/2025 9:59:23 PM,0.038767666,25447.229
4/28/2025 9:59:23 PM,0.038322095,25590.078
4/28/2025 9:59:23 PM,0.037876524,25697.033
4/28/2025 9:59:23 PM,0.038767666,25790.783
4/28/2025 9:59:23 PM,0.038322095,25901.117
4/28/2025 9:59:23 PM,0.038767666,26001.51
4/28/2025 9:59:23 PM,0.038322095,26108.613
4/28/2025 9:59:23 PM,0.038322095,26238.625
4/28/2025 9:59:23 PM,0.038322095,26369.193
4/28/2025 9:59:23 PM,0.038767666,26479.65
4/28/2025 9:59:23 PM,0.038767666,26600.445
4/28/2025 9:59:24 PM,0.037876524,26711.969
4/28/2025 9:59:24 PM,0.037876524,26832.629
4/28/2025 9:59:24 PM,0.038767666,26943.11
4/28/2025 9:59:24 PM,0.038322095,27064.088
4/28/2025 9:59:24 PM,0.038322095,27160.842
4/28/2025 9:59:24 PM,0.038322095,27250.576
4/28/2025 9:59:24 PM,0.037876524,27389.4
4/28/2025 9:59:24 PM,0.037876524,27493.256
4/28/2025 9:59:24 PM,0.038322095,27644.232
4/28/2025 9:59:24 PM,0.037876524,27715.295
4/28/2025 9:59:24 PM,0.038322095,27851.693
4/28/2025 9:59:24 PM,0.038322095,28009.348
4/28/2025 9:59:24 PM,0.038322095,28134.21
4/28/2025 9:59:24 PM,0.037876524,28221.012
4/28/2025 9:59:24 PM,0.038767666,28321.441
4/28/2025 9:59:24 PM,0.037876524,28416.37
4/28/2025 9:59:24 PM,0.038322095,28542.014
4/28/2025 9:59:24 PM,0.038322095,28671.564
4/28/2025 9:59:24 PM,0.037876524,28782.895
4/28/2025 9:59:24 PM,0.038767666,28912.953
4/28/2025 9:59:24 PM,0.038322095,29035.309
4/28/2025 9:59:24 PM,0.038322095,29169.072
4/28/2025 9:59:24 PM,0.037876524,29269.309
4/28/2025 9:59:24 PM,0.037876524,29365.78
4/28/2025 9:59:24 PM,0.038767666,29466.006
4/28/2025 9:59:24 PM,0.038322095,29577.611
4/28/2025 9:59:24 PM,0.038322095,29716.014
4/28/2025 9:59:24 PM,0.038322095,29824.816
4/28/2025 9:59:24 PM,0.038322095,29963.285
4/28/2025 9:59:24 PM,0.037876524,30078.928
4/28/2025 9:59:24 PM,0.038767666,30198.568
4/28/2025 9:59:24 PM,0.038322095,30314.469
4/28/2025 9:59:24 PM,0.038322095,30418.756
4/28/2025 9:59:24 PM,0.037876524,30525.396
4/28/2025 9:59:24 PM,0.037876524,30621.559
4/28/2025 9:59:24 PM,0.037430953,30753.14
4/28/2025 9:59:24 PM,0.038767666,30865.186
4/28/2025 9:59:24 PM,0.038767666,30969.373
4/28/2025 9:59:24 PM,0.038767666,31065.611
4/28/2025 9:59:24 PM,0.037876524,31193.83
4/28/2025 9:59:24 PM,0.038322095,31282.086
4/28/2025 9:59:24 PM,0.038322095,31378.32
4/28/2025 9:59:24 PM,0.038322095,31494.736
4/28/2025 9:59:24 PM,0.038322095,31610.117
4/28/2025 9:59:25 PM,0.037876524,31715.7
4/28/2025 9:59:25 PM,0.037876524,31838.717
4/28/2025 9:59:25 PM,0.038767666,31947.027
4/28/2025 9:59:25 PM,0.038767666,32030.75
4/28/2025 9:59:25 PM,0.038322095,32134.963
4/28/2025 9:59:25 PM,0.038322095,32268.152
4/28/2025 9:59:25 PM,0.038322095,32364.213
4/28/2025 9:59:25 PM,0.038322095,32447.766
4/28/2025 9:59:25 PM,0.038322095,32535.4
4/28/2025 9:59:25 PM,0.038767666,32660.62
4/28/2025 9:59:25 PM,0.038322095,32769.21
4/28/2025 9:59:25 PM,0.038322095,32890.516
4/28/2025 9:59:25 PM,0.038322095,33007.734
4/28/2025 9:59:25 PM,0.038322095,33108.066
4/28/2025 9:59:25 PM,0.038767666,33223.387
4/28/2025 9:59:25 PM,0.037876524,33344.816
4/28/2025 9:59:25 PM,0.038322095,33453.527
4/28/2025 9:59:25 PM,0.038322095,33545.082
4/28/2025 9:59:25 PM,0.038322095,33675.434
4/28/2025 9:59:25 PM,0.038322095,33775.656
4/28/2025 9:59:25 PM,0.038767666,33888.92
4/28/2025 9:59:25 PM,0.038322095,34019.75
4/28/2025 9:59:25 PM,0.037876524,34137.14
4/28/2025 9:59:25 PM,0.038322095,34259.2
4/28/2025 9:59:25 PM,0.038322095,34350.562
4/28/2025 9:59:25 PM,0.038767666,34468.387
4/28/2025 9:59:25 PM,0.036985382,34555.29
4/28/2025 9:59:25 PM,0.038767666,34699.938
4/28/2025 9:59:25 PM,0.037876524,34813.633
4/28/2025 9:59:25 PM,0.037876524,34915.645
4/28/2025 9:59:25 PM,0.037876524,35042.613
4/28/2025 9:59:25 PM,0.038322095,35147.24
4/28/2025 9:59:25 PM,0.038767666,35269.977
4/28/2025 9:59:25 PM,0.038322095,35379.25
4/28/2025 9:59:25 PM,0.038767666,35488.58
4/28/2025 9:59:25 PM,0.038322095,35597.965
4/28/2025 9:59:25 PM,0.038322095,35716
4/28/2025 9:59:25 PM,0.038322095,35825.22
4/28/2025 9:59:25 PM,0.038322095,35929.895
4/28/2025 9:59:25 PM,0.037876524,36043.83
4/28/2025 9:59:25 PM,0.038322095,36148.586
4/28/2025 9:59:25 PM,0.038322095,36267.312
4/28/2025 9:59:25 PM,0.038322095,36376.83
4/28/2025 9:59:25 PM,0.038322095,36491.082
4/28/2025 9:59:25 PM,0.038322095,36614.824
4/28/2025 9:59:26 PM,0.038322095,36710.42
4/28/2025 9:59:26 PM,0.038322095,36791.832
4/28/2025 9:59:26 PM,0.037876524,36887.348
4/28/2025 9:59:26 PM,0.038322095,36987.586
4/28/2025 9:59:26 PM,0.037430953,37111.633
4/28/2025 9:59:26 PM,0.037876524,37216.71
4/28/2025 9:59:26 PM,0.037876524,37350.2
4/28/2025 9:59:26 PM,0.037876524,37445.535
4/28/2025 9:59:26 PM,0.038322095,37569.73
4/28/2025 9:59:26 PM,0.038322095,37665.086
4/28/2025 9:59:26 PM,0.038767666,37784.637
4/28/2025 9:59:26 PM,0.037876524,37875.145
4/28/2025 9:59:26 PM,0.037876524,37960.74
4/28/2025 9:59:26 PM,0.038322095,38046.266
4/28/2025 9:59:26 PM,0.038322095,38151.277
4/28/2025 9:59:26 PM,0.038322095,38246.508
4/28/2025 9:59:26 PM,0.037876524,38376.14
4/28/2025 9:59:26 PM,0.037876524,38461.535
4/28/2025 9:59:26 PM,0.038322095,38551.812
4/28/2025 9:59:26 PM,0.037876524,38656.906
4/28/2025 9:59:26 PM,0.038767666,38757.05
4/28/2025 9:59:26 PM,0.037430953,38982.332
4/28/2025 9:59:26 PM,0.037876524,39062.5
4/28/2025 9:59:26 PM,0.038322095,39177.73
4/28/2025 9:59:26 PM,0.038767666,39293.047
4/28/2025 9:59:26 PM,0.038322095,39418.57
4/28/2025 9:59:26 PM,0.038322095,39507.582
4/28/2025 9:59:26 PM,0.038767666,39643.133
4/28/2025 9:59:26 PM,0.037876524,39729.68
4/28/2025 9:59:26 PM,0.037876524,39868.89
4/28/2025 9:59:26 PM,0.038767666,39963.945
4/28/2025 9:59:26 PM,0.038322095,40069.24
4/28/2025 9:59:26 PM,0.037876524,40179.72
4/28/2025 9:59:26 PM,0.037876524,40295.42
4/28/2025 9:59:26 PM,0.038322095,40428.46
4/28/2025 9:59:26 PM,0.038767666,40516.69
4/28/2025 9:59:26 PM,0.038767666,40639.01
4/28/2025 9:59:26 PM,0.038322095,40727.723
4/28/2025 9:59:26 PM,0.037876524,40844.438
4/28/2025 9:59:26 PM,0.038322095,40965.547
4/28/2025 9:59:26 PM,0.037876524,41081.508
4/28/2025 9:59:26 PM,0.038322095,41192.273
4/28/2025 9:59:26 PM,0.037876524,41287.2
4/28/2025 9:59:26 PM,0.038322095,41371.49
4/28/2025 9:59:26 PM,0.037876524,41487.62
4/28/2025 9:59:26 PM,0.037876524,41597.336
4/28/2025 9:59:27 PM,0.037876524,41704.094
4/28/2025 9:59:27 PM,0.037876524,41820.44
4/28/2025 9:59:27 PM,0.038322095,41945.637
4/28/2025 9:59:27 PM,0.038767666,42051.137
4/28/2025 9:59:27 PM,0.037876524,42162.062
4/28/2025 9:59:27 PM,0.038767666,42289.316
4/28/2025 9:59:27 PM,0.038322095,42419.004
4/28/2025 9:59:27 PM,0.037876524,42557.195
4/28/2025 9:59:27 PM,0.038767666,42712.08
4/28/2025 9:59:27 PM,0.037876524,42795.863
4/28/2025 9:59:27 PM,0.038322095,42913.734
4/28/2025 9:59:27 PM,0.037876524,43052.35
4/28/2025 9:59:27 PM,0.038322095,43169.07
4/28/2025 9:59:27 PM,0.038322095,43302.54
4/28/2025 9:59:27 PM,0.037876524,43458.406
4/28/2025 9:59:27 PM,0.038322095,43586.477
4/28/2025 9:59:27 PM,0.038322095,43703.492
4/28/2025 9:59:27 PM,0.037876524,43825.246
4/28/2025 9:59:27 PM,0.037876524,43942.184
4/28/2025 9:59:27 PM,0.038322095,44087.47
4/28/2025 9:59:27 PM,0.038322095,44225.473
4/28/2025 9:59:27 PM,0.038322095,44342.57
4/28/2025 9:59:27 PM,0.037876524,44459.75
4/28/2025 9:59:27 PM,0.038322095,44594.184
4/28/2025 9:59:27 PM,0.037876524,44754.42
4/28/2025 9:59:27 PM,0.037876524,44912.105
4/28/2025 9:59:27 PM,0.037876524,44995.03
4/28/2025 9:59:27 PM,0.038767666,45112.605
4/28/2025 9:59:27 PM,0.038322095,45212.85
4/28/2025 9:59:27 PM,0.037876524,45295.668
4/28/2025 9:59:27 PM,0.037876524,45402.906
4/28/2025 9:59:27 PM,0.037876524,45514.566
4/28/2025 9:59:27 PM,0.037876524,45620.44
4/28/2025 9:59:27 PM,0.037876524,45738.06
4/28/2025 9:59:27 PM,0.037876524,45832.27
4/28/2025 9:59:27 PM,0.037876524,45938.22
4/28/2025 9:59:27 PM,0.038322095,46056.004
4/28/2025 9:59:27 PM,0.037876524,46150.21
4/28/2025 9:59:27 PM,0.037876524,46256.25
4/28/2025 9:59:27 PM,0.038322095,46403.945
4/28/2025 9:59:27 PM,0.037876524,46516.1
4/28/2025 9:59:27 PM,0.037876524,46598.418
4/28/2025 9:59:27 PM,0.037876524,46674.68
4/28/2025 9:59:28 PM,0.037430953,46774.844
4/28/2025 9:59:28 PM,0.037876524,46868.99
4/28/2025 9:59:28 PM,0.038322095,46975.16
4/28/2025 9:59:28 PM,0.038322095,47087.395
4/28/2025 9:59:28 PM,0.037876524,47181.527
4/28/2025 9:59:28 PM,0.037876524,47275.64
4/28/2025 9:59:28 PM,0.038322095,47394.03
4/28/2025 9:59:28 PM,0.037876524,47494.23
4/28/2025 9:59:28 PM,0.037876524,47594.43
4/28/2025 9:59:28 PM,0.037876524,47712.99
4/28/2025 9:59:28 PM,0.037430953,47827.547
4/28/2025 9:59:28 PM,0.037876524,47919.61
4/28/2025 9:59:28 PM,0.038322095,48021.516
4/28/2025 9:59:28 PM,0.038322095,48158.56
4/28/2025 9:59:28 PM,0.037876524,48252.504
4/28/2025 9:59:28 PM,0.037876524,48358.805
4/28/2025 9:59:28 PM,0.038322095,48471.348
4/28/2025 9:59:28 PM,0.037876524,48577.727
4/28/2025 9:59:28 PM,0.037876524,48684.125
4/28/2025 9:59:28 PM,0.038322095,48771.793
4/28/2025 9:59:28 PM,0.037876524,48903.13
4/28/2025 9:59:28 PM,0.037876524,49021.96
4/28/2025 9:59:28 PM,0.038322095,49166.08
4/28/2025 9:59:28 PM,0.037876524,49272.53
4/28/2025 9:59:28 PM,0.037876524,49398.008
4/28/2025 9:59:28 PM,0.038322095,49522.184
4/28/2025 9:59:28 PM,0.038322095,49641.305
4/28/2025 9:59:28 PM,0.037876524,49747.754
4/28/2025 9:59:28 PM,0.037430953,49873.418
4/28/2025 9:59:28 PM,0.037876524,49973.562
4/28/2025 9:59:28 PM,0.039658807,2163.3782
4/28/2025 9:59:28 PM,0.038767666,340.0682
4/28/2025 9:59:28 PM,0.038767666,333.29776
4/28/2025 9:59:28 PM,0.038322095,463.92517
4/28/2025 9:59:28 PM,0.038767666,552.5888
4/28/2025 9:59:28 PM,0.038322095,692.39294
4/28/2025 9:59:28 PM,0.038322095,798.12463
4/28/2025 9:59:28 PM,0.038767666,917.76794
4/28/2025 9:59:28 PM,0.038767666,1045.5391
4/28/2025 9:59:28 PM,0.038322095,1473.6593
4/28/2025 9:59:29 PM,0.038767666,1979.1666
4/28/2025 9:59:29 PM,0.038322095,2060.5303
4/28/2025 9:59:29 PM,0.038767666,2342.7314
4/28/2025 9:59:29 PM,0.038322095,2495.674
4/28/2025 9:59:29 PM,0.038322095,2615.3254
4/28/2025 9:59:29 PM,0.037876524,2712.3113
4/28/2025 9:59:29 PM,0.038322095,2810.974
4/28/2025 9:59:29 PM,0.038767666,2903.8896
4/28/2025 9:59:29 PM,0.039213233,3015.205
4/28/2025 9:59:29 PM,0.039213233,3113.3767
4/28/2025 9:59:29 PM,0.036985382,3240.0205
4/28/2025 9:59:29 PM,0.038322095,3327.4717
4/28/2025 9:59:29 PM,0.038322095,3429.7258
4/28/2025 9:59:29 PM,0.038767666,3539.7786
4/28/2025 9:59:29 PM,0.038767666,3640.0095
4/28/2025 9:59:29 PM,0.038322095,3738.0383
4/28/2025 9:59:29 PM,0.038767666,3831.634
4/28/2025 9:59:29 PM,0.038767666,3914.491
4/28/2025 9:59:29 PM,0.038322095,4012.7422
4/28/2025 9:59:29 PM,0.038767666,4120.835
4/28/2025 9:59:29 PM,0.039213233,4229.5054
4/28/2025 9:59:29 PM,0.038767666,4331.683
4/28/2025 9:59:29 PM,0.038767666,4421.9756
4/28/2025 9:59:29 PM,0.038322095,4542.7383
4/28/2025 9:59:29 PM,0.038767666,4643.6875
4/28/2025 9:59:29 PM,0.038767666,4741.7207
4/28/2025 9:59:29 PM,0.038767666,4859.402
4/28/2025 9:59:29 PM,0.038322095,4963.2114
4/28/2025 9:59:29 PM,0.037876524,5069.76
4/28/2025 9:59:29 PM,0.038322095,5183.938
4/28/2025 9:59:29 PM,0.037430953,5283.522
4/28/2025 9:59:29 PM,0.037876524,5369.764
4/28/2025 9:59:29 PM,0.037876524,5473.92
4/28/2025 9:59:29 PM,0.038322095,5617.617
4/28/2025 9:59:29 PM,0.037876524,5724.9414
4/28/2025 9:59:29 PM,0.037430953,5847.066
4/28/2025 9:59:29 PM,0.037876524,5961.427
4/28/2025 9:59:29 PM,0.037430953,6067.9614
4/28/2025 9:59:29 PM,0.037876524,6210.9014
4/28/2025 9:59:29 PM,0.037430953,6322.6084
4/28/2025 9:59:29 PM,0.036985382,6441.639
4/28/2025 9:59:29 PM,0.037430953,6567.674
4/28/2025 9:59:30 PM,0.036985382,6694.6895
4/28/2025 9:59:30 PM,0.036985382,6807.6143
4/28/2025 9:59:30 PM,0.03609424,6925.4336
4/28/2025 9:59:30 PM,0.03609424,7032.8574
4/28/2025 9:59:30 PM,0.035648674,7169.2837
4/28/2025 9:59:30 PM,0.035203103,7274.0205
4/28/2025 9:59:30 PM,0.034757532,7386.511
4/28/2025 9:59:30 PM,0.03342082,7591.831
4/28/2025 9:59:30 PM,0.032529682,7698.0425
4/28/2025 9:59:30 PM,0.03163854,7812.5
4/28/2025 9:59:30 PM,0.030747399,7948.3257
4/28/2025 9:59:30 PM,0.029410688,8043.7583
4/28/2025 9:59:30 PM,0.028072452,8146.402
4/28/2025 9:59:30 PM,0.026288645,8263.996
4/28/2025 9:59:30 PM,0.024506364,8365.855
4/28/2025 9:59:30 PM,0.023169652,8450.297
4/28/2025 9:59:30 PM,0.020941801,8558.609
4/28/2025 9:59:30 PM,0.01826838,8787.169
4/28/2025 9:59:30 PM,0.018713951,8906.594
4/28/2025 9:59:30 PM,0.019605093,9080.782
4/28/2025 9:59:30 PM,0.02049623,9192.365
4/28/2025 9:59:30 PM,0.021387372,9283.776
4/28/2025 9:59:30 PM,0.023169653,9399.257
4/28/2025 9:59:30 PM,0.024506364,9480.699
4/28/2025 9:59:30 PM,0.025843075,9572.907
4/28/2025 9:59:30 PM,0.027179785,9711.252
4/28/2025 9:59:30 PM,0.028072452,9813.683
4/28/2025 9:59:30 PM,0.02896512,9915.865
4/28/2025 9:59:30 PM,0.029856259,10054.697
4/28/2025 9:59:30 PM,0.030747399,10181.451
4/28/2025 9:59:30 PM,0.03163854,10310.195
4/28/2025 9:59:30 PM,0.03208411,10416.666
4/28/2025 9:59:30 PM,0.032529682,10552
4/28/2025 9:59:30 PM,0.03342082,10674.465
4/28/2025 9:59:30 PM,0.03342082,10791.86
4/28/2025 9:59:30 PM,0.03431196,10882.884
4/28/2025 9:59:30 PM,0.03431196,10992.159
4/28/2025 9:59:30 PM,0.034757532,11085.849
4/28/2025 9:59:30 PM,0.03431196,11206.868
4/28/2025 9:59:30 PM,0.034757532,11320.999
4/28/2025 9:59:30 PM,0.035203103,11439.841
4/28/2025 9:59:30 PM,0.035203103,11576.312
4/28/2025 9:59:31 PM,0.034757532,11708.657
4/28/2025 9:59:31 PM,0.035648674,11814.172
4/28/2025 9:59:31 PM,0.035648674,11907.453
4/28/2025 9:59:31 PM,0.03609424,12025.397
4/28/2025 9:59:31 PM,0.03609424,12125.609
4/28/2025 9:59:31 PM,0.036539815,12208.608
4/28/2025 9:59:31 PM,0.036539815,12437.412
4/28/2025 9:59:31 PM,0.03609424,12612.198
4/28/2025 9:59:31 PM,0.036985382,12718.723
4/28/2025 9:59:31 PM,0.036539815,12894.906
4/28/2025 9:59:31 PM,0.036985382,13096.391
4/28/2025 9:59:31 PM,0.03653981,13203.942
4/28/2025 9:59:31 PM,0.037430953,13329.859
4/28/2025 9:59:31 PM,0.037430953,13417.646
4/28/2025 9:59:31 PM,0.036985382,13535.518
4/28/2025 9:59:31 PM,0.036985382,13649.795
4/28/2025 9:59:31 PM,0.036985382,13769.62
4/28/2025 9:59:31 PM,0.036985382,13875.482
4/28/2025 9:59:31 PM,0.037430953,13968.838
4/28/2025 9:59:31 PM,0.036985382,14071.144
4/28/2025 9:59:31 PM,0.036985382,14177.123
4/28/2025 9:59:31 PM,0.036985382,14286.865
4/28/2025 9:59:31 PM,0.037430953,14394.892
4/28/2025 9:59:31 PM,0.036985382,14489.954
4/28/2025 9:59:31 PM,0.037430953,14592.458
4/28/2025 9:59:31 PM,0.037430953,14689.312
4/28/2025 9:59:31 PM,0.037430953,14793.734
4/28/2025 9:59:31 PM,0.037430953,14913.581
4/28/2025 9:59:31 PM,0.036985382,15045.399
4/28/2025 9:59:31 PM,0.037430953,15170.879
4/28/2025 9:59:31 PM,0.036985382,15283.14
4/28/2025 9:59:31 PM,0.037430953,15381.707
4/28/2025 9:59:31 PM,0.036985382,15484.235
4/28/2025 9:59:31 PM,0.037430953,15618.954
4/28/2025 9:59:31 PM,0.037430953,15731.21
4/28/2025 9:59:31 PM,0.037876524,15827.351
4/28/2025 9:59:31 PM,0.037876524,15943.878
4/28/2025 9:59:31 PM,0.037430953,16075.104
4/28/2025 9:59:31 PM,0.037876524,16202.66
4/28/2025 9:59:31 PM,0.037876524,16342.883
4/28/2025 9:59:31 PM,0.037876524,16432.604
4/28/2025 9:59:31 PM,0.037876524,16534.922
4/28/2025 9:59:31 PM,0.037430953,16635.135
4/28/2025 9:59:32 PM,0.037430953,16725.238
4/28/2025 9:59:32 PM,0.037876524,16834.678
4/28/2025 9:59:32 PM,0.036985382,16950.988
4/28/2025 9:59:32 PM,0.037876524,17073.209
4/28/2025 9:59:32 PM,0.037876524,17184.686
4/28/2025 9:59:32 PM,0.037430953,17300.76
4/28/2025 9:59:32 PM,0.037876524,17392.389
4/28/2025 9:59:32 PM,0.037876524,17479.426
4/28/2025 9:59:32 PM,0.037430953,17577.623
4/28/2025 9:59:32 PM,0.037876524,17684.887
4/28/2025 9:59:32 PM,0.037876524,17792.236
4/28/2025 9:59:32 PM,0.036985382,17901.969
4/28/2025 9:59:32 PM,0.037876524,18002.543
4/28/2025 9:59:32 PM,0.037430953,18110.11
4/28/2025 9:59:32 PM,0.037430953,18205.826
4/28/2025 9:59:32 PM,0.037430953,18320.77
4/28/2025 9:59:32 PM,0.037876524,18428.559
4/28/2025 9:59:32 PM,0.037876524,18541.533
4/28/2025 9:59:32 PM,0.037876524,18644.148
4/28/2025 9:59:32 PM,0.037430953,18730.666
4/28/2025 9:59:32 PM,0.037876524,18838.652
4/28/2025 9:59:32 PM,0.037430953,18952.156
4/28/2025 9:59:32 PM,0.037876524,19042.656
4/28/2025 9:59:32 PM,0.037876524,19150.25
4/28/2025 9:59:32 PM,0.037876524,19233.236
4/28/2025 9:59:32 PM,0.037876524,19312.477
4/28/2025 9:59:32 PM,0.037430953,19453.537
4/28/2025 9:59:32 PM,0.037876524,19536.285
4/28/2025 9:59:32 PM,0.03609424,19631.928
4/28/2025 9:59:32 PM,0.037876524,19761.973
4/28/2025 9:59:32 PM,0.037430953,19854.64
4/28/2025 9:59:32 PM,0.037430953,19972.861
4/28/2025 9:59:32 PM,0.037876524,20086.129
4/28/2025 9:59:32 PM,0.037876524,20196.945
4/28/2025 9:59:32 PM,0.037876524,20311.7
4/28/2025 9:59:32 PM,0.038322095,20432.693
4/28/2025 9:59:32 PM,0.037876524,20580.346
4/28/2025 9:59:32 PM,0.038322095,20694.035
4/28/2025 9:59:32 PM,0.037876524,20830.662
4/28/2025 9:59:32 PM,0.037430953,20936.178
4/28/2025 9:59:32 PM,0.038322095,21014.795
4/28/2025 9:59:32 PM,0.037876524,21125.74
4/28/2025 9:59:32 PM,0.037876524,21244.871
4/28/2025 9:59:32 PM,0.037876524,21358.78
4/28/2025 9:59:32 PM,0.038322095,21505.982
4/28/2025 9:59:32 PM,0.037876524,21609.258
4/28/2025 9:59:33 PM,0.037876524,21737.562
4/28/2025 9:59:33 PM,0.037876524,21848.943
4/28/2025 9:59:33 PM,0.037876524,21927.707
4/28/2025 9:59:33 PM,0.037876524,22012.678
4/28/2025 9:59:33 PM,0.037876524,22124.072
4/28/2025 9:59:33 PM,0.036985382,22246.986
4/28/2025 9:59:33 PM,0.037430953,22350.062
4/28/2025 9:59:33 PM,0.037876524,22427.27
4/28/2025 9:59:33 PM,0.037876524,22516.729
4/28/2025 9:59:33 PM,0.037876524,22625.98
4/28/2025 9:59:33 PM,0.037876524,22727.635
4/28/2025 9:59:33 PM,0.037876524,22841.8
4/28/2025 9:59:33 PM,0.037876524,22963.193
4/28/2025 9:59:33 PM,0.037876524,23057.553
4/28/2025 9:59:33 PM,0.037876524,23160.773
4/28/2025 9:59:33 PM,0.038322095,23267.01
4/28/2025 9:59:33 PM,0.037876524,23376.3
4/28/2025 9:59:33 PM,0.038767666,23497.752
4/28/2025 9:59:33 PM,0.037876524,23613.344
4/28/2025 9:59:33 PM,0.037430953,23719.93
4/28/2025 9:59:33 PM,0.037876524,23844.256
4/28/2025 9:59:33 PM,0.037430953,23932.164
4/28/2025 9:59:33 PM,0.037430953,24018.361
4/28/2025 9:59:33 PM,0.037876524,24112.654
4/28/2025 9:59:33 PM,0.037876524,24232.568
4/28/2025 9:59:33 PM,0.037876524,24329.238
4/28/2025 9:59:33 PM,0.037876524,24457.918
4/28/2025 9:59:33 PM,0.037876524,24567.61
4/28/2025 9:59:33 PM,0.037876524,24661.555
4/28/2025 9:59:33 PM,0.037876524,24790.436
4/28/2025 9:59:33 PM,0.037430953,24913.205
4/28/2025 9:59:33 PM,0.037876524,25017.613
4/28/2025 9:59:33 PM,0.038322095,25110.889
4/28/2025 9:59:33 PM,0.037876524,25246.86
4/28/2025 9:59:33 PM,0.037876524,25340.545
4/28/2025 9:59:33 PM,0.038322095,25470.094
4/28/2025 9:59:33 PM,0.037876524,25580.22
4/28/2025 9:59:33 PM,0.037430953,25673.94
4/28/2025 9:59:33 PM,0.037430953,25794.096
4/28/2025 9:59:33 PM,0.037876524,25884.488
4/28/2025 9:59:33 PM,0.038322095,26011.652
4/28/2025 9:59:33 PM,0.037876524,26131.775
4/28/2025 9:59:33 PM,0.037876524,26245.352
4/28/2025 9:59:33 PM,0.037876524,26352.283
4/28/2025 9:59:33 PM,0.037876524,26472.854
4/28/2025 9:59:33 PM,0.037876524,26579.953
4/28/2025 9:59:34 PM,0.037876524,26704.254
4/28/2025 9:59:34 PM,0.037876524,26839.51
4/28/2025 9:59:34 PM,0.037876524,26943.11
4/28/2025 9:59:34 PM,0.037876524,27071.035
4/28/2025 9:59:34 PM,0.037876524,27181.766
4/28/2025 9:59:34 PM,0.037876524,27319.23
4/28/2025 9:59:34 PM,0.038322095,27424.617
4/28/2025 9:59:34 PM,0.037876524,27537.01
4/28/2025 9:59:34 PM,0.037876524,27644.232
4/28/2025 9:59:34 PM,0.037876524,27755.066
4/28/2025 9:59:34 PM,0.037876524,27869.562
4/28/2025 9:59:34 PM,0.037876524,27980.584
4/28/2025 9:59:34 PM,0.036985382,28102.52
4/28/2025 9:59:34 PM,0.037876524,28206.51
4/28/2025 9:59:34 PM,0.037876524,28325.082
4/28/2025 9:59:34 PM,0.037876524,28430.934
4/28/2025 9:59:34 PM,0.037876524,28525.97
4/28/2025 9:59:34 PM,0.038322095,28653.182
4/28/2025 9:59:34 PM,0.037876524,28745.994
4/28/2025 9:59:34 PM,0.038322095,28853.553
4/28/2025 9:59:34 PM,0.037876524,28976.031
4/28/2025 9:59:34 PM,0.037876524,29065.105
4/28/2025 9:59:34 PM,0.037876524,29165.328
4/28/2025 9:59:34 PM,0.037876524,29265.557
4/28/2025 9:59:34 PM,0.037876524,29354.482
4/28/2025 9:59:34 PM,0.037876524,29450.89
4/28/2025 9:59:34 PM,0.037876524,29566.229
4/28/2025 9:59:34 PM,0.037876524,29655.041
4/28/2025 9:59:34 PM,0.037876524,29739.973
4/28/2025 9:59:34 PM,0.038322095,29874.568
4/28/2025 9:59:34 PM,0.037876524,29967.127
4/28/2025 9:59:34 PM,0.037876524,30094.375
4/28/2025 9:59:34 PM,0.037876524,30175.318
4/28/2025 9:59:34 PM,0.037876524,30291.115
4/28/2025 9:59:34 PM,0.037876524,30429.213
4/28/2025 9:59:34 PM,0.037876524,30537.135
4/28/2025 9:59:34 PM,0.037876524,30656.898
4/28/2025 9:59:34 PM,0.038322095,30873.107
4/28/2025 9:59:34 PM,0.038322095,30973.346
4/28/2025 9:59:34 PM,0.037876524,31073.582
4/28/2025 9:59:34 PM,0.037876524,31169.822
4/28/2025 9:59:34 PM,0.038322095,31314.236
4/28/2025 9:59:34 PM,0.036985382,31434.201
4/28/2025 9:59:34 PM,0.037876524,31566.668
4/28/2025 9:59:35 PM,0.037876524,31662.818
4/28/2025 9:59:35 PM,0.037876524,31763.016
4/28/2025 9:59:35 PM,0.037876524,31875.482
4/28/2025 9:59:35 PM,0.037876524,31988.03
4/28/2025 9:59:35 PM,0.037876524,32096.547
4/28/2025 9:59:35 PM,0.037876524,32239.205
4/28/2025 9:59:35 PM,0.037876524,32318.615
4/28/2025 9:59:35 PM,0.037876524,32447.762
4/28/2025 9:59:35 PM,0.037876524,32547.91
4/28/2025 9:59:35 PM,0.037876524,32652.246
4/28/2025 9:59:35 PM,0.037876524,32748.207
4/28/2025 9:59:35 PM,0.037430953,32844.145
4/28/2025 9:59:35 PM,0.037876524,32973.863
4/28/2025 9:59:35 PM,0.037876524,33065.6
4/28/2025 9:59:35 PM,0.038322095,33157.297
4/28/2025 9:59:35 PM,0.038322095,33261.734
4/28/2025 9:59:35 PM,0.036985382,33391.895
4/28/2025 9:59:35 PM,0.036985382,33492.17
4/28/2025 9:59:35 PM,0.037430953,33592.445
4/28/2025 9:59:35 PM,0.037876524,33710.027
4/28/2025 9:59:35 PM,0.037876524,33823.812
4/28/2025 9:59:35 PM,0.037430953,33941.273
4/28/2025 9:59:35 PM,0.037876524,34045.76
4/28/2025 9:59:35 PM,0.037876524,34159.027
4/28/2025 9:59:35 PM,0.037876524,34272.383
4/28/2025 9:59:35 PM,0.037876524,34385.83
4/28/2025 9:59:35 PM,0.037876524,34499.355
4/28/2025 9:59:35 PM,0.037876524,34590.766
4/28/2025 9:59:35 PM,0.037876524,34699.934
4/28/2025 9:59:35 PM,0.038322095,34791.293
4/28/2025 9:59:35 PM,0.037876524,34896.03
4/28/2025 9:59:35 PM,0.037876524,35038.12
4/28/2025 9:59:35 PM,0.037876524,35142.73
4/28/2025 9:59:35 PM,0.037876524,35260.934
4/28/2025 9:59:35 PM,0.037876524,35392.87
4/28/2025 9:59:35 PM,0.037876524,35506.805
4/28/2025 9:59:35 PM,0.037430953,35607.105
4/28/2025 9:59:35 PM,0.037876524,35706.86
4/28/2025 9:59:35 PM,0.037876524,35798.52
4/28/2025 9:59:35 PM,0.037876524,35925.293
4/28/2025 9:59:35 PM,0.037430953,36048.45
4/28/2025 9:59:35 PM,0.037876524,36153.215
4/28/2025 9:59:35 PM,0.037430953,36309.215
4/28/2025 9:59:35 PM,0.037876524,36416.316
4/28/2025 9:59:35 PM,0.037430953,36519.2
4/28/2025 9:59:35 PM,0.037876524,36611.715
4/28/2025 9:59:36 PM,0.037876524,36715.137
4/28/2025 9:59:36 PM,0.037876524,36830.64
4/28/2025 9:59:36 PM,0.037876524,36949.664
4/28/2025 9:59:36 PM,0.037430953,37049.793
4/28/2025 9:59:36 PM,0.037876524,37159.453
4/28/2025 9:59:36 PM,0.037876524,37254.836
4/28/2025 9:59:36 PM,0.037876524,37369.36
4/28/2025 9:59:36 PM,0.038322095,37474.35
4/28/2025 9:59:36 PM,0.037876524,37555.28
4/28/2025 9:59:36 PM,0.037876524,37665.086
4/28/2025 9:59:36 PM,0.037876524,37794.336
4/28/2025 9:59:36 PM,0.037876524,37884.86
4/28/2025 9:59:36 PM,0.037876524,37980.215
4/28/2025 9:59:36 PM,0.037430953,38107.316
4/28/2025 9:59:36 PM,0.037876524,38217.12
4/28/2025 9:59:36 PM,0.037876524,38320.176
4/28/2025 9:59:36 PM,0.037876524,38407.375
4/28/2025 9:59:36 PM,0.038322095,38505.97
4/28/2025 9:59:36 PM,0.037876524,38611.2
4/28/2025 9:59:36 PM,0.037876524,38707.434
4/28/2025 9:59:36 PM,0.037876524,38811.78
4/28/2025 9:59:36 PM,0.037876524,38932.39
4/28/2025 9:59:36 PM,0.037430953,39067.508
4/28/2025 9:59:36 PM,0.036985382,39197.84
4/28/2025 9:59:36 PM,0.037430953,39317.613
4/28/2025 9:59:36 PM,0.038322095,39408.45
4/28/2025 9:59:36 PM,0.037876524,39522.766
4/28/2025 9:59:36 PM,0.037876524,39614.09
4/28/2025 9:59:36 PM,0.037876524,39729.68
4/28/2025 9:59:36 PM,0.038322095,39884.234
4/28/2025 9:59:36 PM,0.037430953,39979.32
4/28/2025 9:59:36 PM,0.038767666,40089.797
4/28/2025 9:59:36 PM,0.037876524,40228.32
4/28/2025 9:59:36 PM,0.037876524,40338.727
4/28/2025 9:59:36 PM,0.037876524,40480.312
4/28/2025 9:59:36 PM,0.037876524,40607.8
4/28/2025 9:59:36 PM,0.037876524,40733.89
4/28/2025 9:59:36 PM,0.038322095,40849.676
4/28/2025 9:59:36 PM,0.037876524,40955.043
4/28/2025 9:59:36 PM,0.037876524,41049.918
4/28/2025 9:59:36 PM,0.037876524,41134.26
4/28/2025 9:59:36 PM,0.037876524,41281.902
4/28/2025 9:59:36 PM,0.037876524,41445.094
4/28/2025 9:59:36 PM,0.037876524,41530.24
4/28/2025 9:59:37 PM,0.037876524,41645.31
4/28/2025 9:59:37 PM,0.037876524,41750.766
4/28/2025 9:59:37 PM,0.037876524,41929.52
4/28/2025 9:59:37 PM,0.037876524,42056.523
4/28/2025 9:59:37 PM,0.037430953,42162.062
4/28/2025 9:59:37 PM,0.037876524,42267.63
4/28/2025 9:59:37 PM,0.037876524,42367.793
4/28/2025 9:59:37 PM,0.037876524,42719.137
4/28/2025 9:59:37 PM,0.037430953,43008.258
4/28/2025 9:59:37 PM,0.037876524,43252.594
4/28/2025 9:59:37 PM,0.036985382,43458.406
4/28/2025 9:59:37 PM,0.037876524,43658.676
4/28/2025 9:59:37 PM,0.037430953,43770.03
4/28/2025 9:59:37 PM,0.037876524,44053.57
4/28/2025 9:59:37 PM,0.037876524,44299.23
4/28/2025 9:59:37 PM,0.037876524,44382.375
4/28/2025 9:59:37 PM,0.036985382,44459.75
4/28/2025 9:59:37 PM,0.036985382,44554.18
4/28/2025 9:59:37 PM,0.037876524,44688.664
4/28/2025 9:59:37 PM,0.037876524,44777.38
4/28/2025 9:59:37 PM,0.037876524,44889.062
4/28/2025 9:59:37 PM,0.037876524,44989.26
4/28/2025 9:59:37 PM,0.037430953,45106.812
4/28/2025 9:59:37 PM,0.037430953,45214.47
4/28/2025 9:59:37 PM,0.037430953,45331.914
4/28/2025 9:59:37 PM,0.038322095,45455.273
4/28/2025 9:59:37 PM,0.037876524,45561.234
4/28/2025 9:59:37 PM,0.037876524,45661.37
4/28/2025 9:59:37 PM,0.038322095,45755.637
4/28/2025 9:59:37 PM,0.037430953,45873.395
4/28/2025 9:59:37 PM,0.037430953,45985.348
4/28/2025 9:59:37 PM,0.037876524,46091.445
4/28/2025 9:59:37 PM,0.037430953,46185.723
4/28/2025 9:59:37 PM,0.037430953,46344.49
4/28/2025 9:59:37 PM,0.037876524,46486.28
4/28/2025 9:59:37 PM,0.037876524,46632.832
4/28/2025 9:59:38 PM,0.037876524,46744.875
4/28/2025 9:59:38 PM,0.038322095,46850.977
4/28/2025 9:59:38 PM,0.037876524,46957.098
4/28/2025 9:59:38 PM,0.037876524,47063.25
4/28/2025 9:59:38 PM,0.037876524,47151.305
4/28/2025 9:59:38 PM,0.037876524,47245.36
4/28/2025 9:59:38 PM,0.037430953,47351.523
4/28/2025 9:59:38 PM,0.037430953,47457.71
4/28/2025 9:59:38 PM,0.037876524,47576.125
4/28/2025 9:59:38 PM,0.037876524,47715.27
4/28/2025 9:59:38 PM,0.037430953,47845.934
4/28/2025 9:59:38 PM,0.038322095,47927.605
4/28/2025 9:59:38 PM,0.037876524,48039.97
4/28/2025 9:59:38 PM,0.037430953,48127.723
4/28/2025 9:59:38 PM,0.037876524,48289.625
4/28/2025 9:59:38 PM,0.037430953,48415.492
4/28/2025 9:59:38 PM,0.037876524,48527.953
4/28/2025 9:59:38 PM,0.037876524,48646.703
4/28/2025 9:59:38 PM,0.037430953,48759.29
4/28/2025 9:59:38 PM,0.037876524,48865.67
4/28/2025 9:59:38 PM,0.037430953,48978.363
4/28/2025 9:59:38 PM,0.037430953,49072.234
4/28/2025 9:59:38 PM,0.036985382,49191.3
4/28/2025 9:59:38 PM,0.037430953,49278.844
4/28/2025 9:59:38 PM,0.037876524,49379.008
4/28/2025 9:59:38 PM,0.037430953,49510.906
4/28/2025 9:59:38 PM,0.037876524,49622.23
4/28/2025 9:59:38 PM,0.037430953,49773.266
4/28/2025 9:59:38 PM,0.037430953,49903.19
4/28/2025 9:59:38 PM,0.037876524,35898.2
4/28/2025 9:59:38 PM,0.038322095,585.6447
4/28/2025 9:59:38 PM,0.037876524,199.0953
4/28/2025 9:59:38 PM,0.038322095,290.58954
4/28/2025 9:59:38 PM,0.037876524,388.29523
4/28/2025 9:59:38 PM,0.037876524,493.8369
4/28/2025 9:59:38 PM,0.037876524,590.7819
4/28/2025 9:59:38 PM,0.038322095,710.65796
4/28/2025 9:59:38 PM,0.037876524,847.22784
4/28/2025 9:59:38 PM,0.038322095,975.208
4/28/2025 9:59:38 PM,0.037876524,1079.2236
4/28/2025 9:59:38 PM,0.037876524,1197.0679
4/28/2025 9:59:38 PM,0.038322095,1279.8635
4/28/2025 9:59:38 PM,0.038322095,1370.9841
4/28/2025 9:59:38 PM,0.038322095,1503.0233
4/28/2025 9:59:39 PM,0.038322095,1606.4083
4/28/2025 9:59:39 PM,0.037876524,1754.2266
4/28/2025 9:59:39 PM,0.037876524,1850.0856
4/28/2025 9:59:39 PM,0.037876524,1956.9873
4/28/2025 9:59:39 PM,0.038322095,2056.4624
4/28/2025 9:59:39 PM,0.038322095,2148.948
4/28/2025 9:59:39 PM,0.037876524,2263.002
